{
  "gameObjects": [
    {
      "id": "mozzle--11388",
      "name": "Mozzle",
      "components": [
        "Transform"
      ]
    },
    {
      "id": "gun--11380",
      "name": "Gun",
      "components": [
        "Transform",
        "SpriteRenderer",
        "Gun"
      ]
    },
    {
      "id": "frog--1320",
      "name": "frog",
      "components": [
        "Transform",
        "SpriteRenderer",
        "BoxCollider2D",
        "Frog",
        "Rigidbody2D"
      ]
    },
    {
      "id": "cherry--1310",
      "name": "cherry",
      "components": [
        "Transform",
        "SpriteRenderer",
        "PolygonCollider2D",
        "Item"
      ]
    },
    {
      "id": "gem--1290",
      "name": "gem",
      "components": [
        "Transform",
        "SpriteRenderer",
        "BoxCollider2D",
        "Item"
      ]
    },
    {
      "id": "red=gem---1272",
      "name": "red=gem ",
      "components": [
        "Transform",
        "SpriteRenderer",
        "BoxCollider2D",
        "Item"
      ]
    },
    {
      "id": "bullet--1260",
      "name": "Bullet",
      "components": [
        "Transform",
        "SpriteRenderer",
        "Rigidbody2D",
        "CircleCollider2D",
        "Bullet"
      ]
    },
    {
      "id": "mozzle-29004",
      "name": "Mozzle",
      "components": [
        "Transform"
      ]
    },
    {
      "id": "main-camera-29008",
      "name": "Main Camera",
      "components": [
        "Transform",
        "Camera",
        "AudioListener",
        "UniversalAdditionalCameraData",
        "CameraTracker"
      ]
    },
    {
      "id": "gamemanager-29018",
      "name": "GameManager",
      "components": [
        "Transform",
        "GameManager"
      ]
    },
    {
      "id": "eagle-29024",
      "name": "eagle",
      "components": [
        "Transform",
        "SpriteRenderer",
        "Eagle",
        "CircleCollider2D",
        "CircleCollider2D"
      ]
    },
    {
      "id": "global-light-2d-29026",
      "name": "Global Light 2D",
      "components": [
        "Transform",
        "Light2D"
      ]
    },
    {
      "id": "gun-29032",
      "name": "Gun",
      "components": [
        "Transform",
        "SpriteRenderer",
        "Gun"
      ]
    },
    {
      "id": "responeagle-29040",
      "name": "ResponEagle",
      "components": [
        "Transform",
        "SpriteRenderer",
        "Responner"
      ]
    },
    {
      "id": "responplayer-29048",
      "name": "ResponPlayer",
      "components": [
        "Transform",
        "SpriteRenderer",
        "Responner"
      ]
    },
    {
      "id": "tilemap-29056",
      "name": "Tilemap",
      "components": [
        "Transform",
        "Tilemap",
        "TilemapRenderer",
        "TilemapCollider2D"
      ]
    },
    {
      "id": "block-big-29066",
      "name": "block-big",
      "components": [
        "Transform",
        "SpriteRenderer",
        "BoxCollider2D",
        "PlatformEffector2D"
      ]
    },
    {
      "id": "cherry-(2)-29076",
      "name": "cherry (2)",
      "components": [
        "Transform",
        "SpriteRenderer",
        "PolygonCollider2D",
        "Item"
      ]
    },
    {
      "id": "cherry-(1)-29086",
      "name": "cherry (1)",
      "components": [
        "Transform",
        "SpriteRenderer",
        "PolygonCollider2D",
        "Item"
      ]
    },
    {
      "id": "player-29096",
      "name": "player",
      "components": [
        "Transform",
        "SpriteRenderer",
        "Dynamic",
        "Rigidbody2D",
        "CircleCollider2D"
      ]
    },
    {
      "id": "grid-29100",
      "name": "Grid",
      "components": [
        "Transform",
        "Grid"
      ]
    }
  ],
  "references": [
    {
      "fromObjId": "gun--11380",
      "fromComponentName": "Transform",
      "toObjId": "mozzle--11388",
      "label": "Child Of (Transform)"
    },
    {
      "fromObjId": "player-29096",
      "fromComponentName": "Transform",
      "toObjId": "gun--11380",
      "label": "Child Of (Transform)"
    },
    {
      "fromObjId": "gun--11380",
      "fromComponentName": "Gun",
      "toObjId": "mozzle--11388",
      "label": "Script Ref trMozzle"
    },
    {
      "fromObjId": "gun-29032",
      "fromComponentName": "Transform",
      "toObjId": "mozzle-29004",
      "label": "Child Of (Transform)"
    },
    {
      "fromObjId": "main-camera-29008",
      "fromComponentName": "CameraTracker",
      "toObjId": "player-29096",
      "label": "Script Ref objTarget"
    },
    {
      "fromObjId": "gamemanager-29018",
      "fromComponentName": "GameManager",
      "toObjId": "responplayer-29048",
      "label": "Script Ref responnerPlayer"
    },
    {
      "fromObjId": "gamemanager-29018",
      "fromComponentName": "GameManager",
      "toObjId": "responeagle-29040",
      "label": "Script Ref responnerEagle"
    },
    {
      "fromObjId": "gamemanager-29018",
      "fromComponentName": "GameManager",
      "toObjId": "main-camera-29008",
      "label": "Script Ref tracker"
    },
    {
      "fromObjId": "eagle-29024",
      "fromComponentName": "Eagle",
      "toObjId": "responeagle-29040",
      "label": "Script Ref trResponPoint"
    },
    {
      "id": "player-29096",
      "fromObjId": "player-29096",
      "fromComponentName": "Transform",
      "toObjId": "gun-29032",
      "label": "Child Of (Transform)"
    },
    {
      "fromObjId": "gun-29032",
      "fromComponentName": "Gun",
      "toObjId": "mozzle-29004",
      "label": "Script Ref trMozzle"
    },
    {
      "fromObjId": "responeagle-29040",
      "fromComponentName": "Responner",
      "toObjId": "eagle-29024",
      "label": "Script Ref objPlayer"
    },
    {
      "fromObjId": "responplayer-29048",
      "fromComponentName": "Responner",
      "toObjId": "player-29096",
      "label": "Script Ref objPlayer"
    },
    {
      "fromObjId": "grid-29100",
      "fromComponentName": "Transform",
      "toObjId": "tilemap-29056",
      "label": "Child Of (Transform)"
    }
  ]
}
